Casino,Gross Receipts,Gross Retail Receipts,Gross Online Receipts,Date,Online_co,Betting Type,Month,Total
Ameristar Casino,1312224,"1,312,224.00",,09-01-2019,,Retail,,
Blue Chip Casino,921481,"921,481.00",,09-01-2019,,Retail,,
Horseshoe Hammond,1977650,"1,977,650.00",,09-01-2019,,Retail,,
Belterra Casino,131672,"131,672.00",,09-01-2019,,Retail,,
Caesars Southern Indiana,293330,"293,330.00",,09-01-2019,,Retail,,
French Lick Resort,157608,"157,608.00",,09-01-2019,,Retail,,
Hollywood Lawrenceburg,1207013,"1,207,013.00",,09-01-2019,,Retail,,
Tropicana Evansville,298958,"298,958.00",,09-01-2019,,Retail,,
Harrah's Hoosier Park,283154,"283,154.00",,09-01-2019,,Retail,,
Harrah's Hoosier Park,807895,"807,895.00",,09-01-2019,,Retail,,
Harrah's Hoosier Park,155563,"155,563.00",,09-01-2019,,Retail,,
Indiana Grand,440175,"440,175.00",,09-01-2019,,Retail,,
Indiana Grand,298139,"298,139.00",,09-01-2019,,Retail,,
,,,,,,,Sep-2019 Retail Total:,"8,284,862.00"
,,,,,,,Sep-2019 Online Total,0.00
Ameristar Casino,3491063,,"3,491,063.00",10-01-2019,AS - Sportsbook.DraftKings.com,online,,
Ameristar Casino,1009076,"1,009,076.00",,10-01-2019,,Retail,,
Blue Chip Casino,197786,,"197,786.00",10-01-2019,BC - in.sportsbook.FanDuel.com,online,,
Blue Chip Casino,741048,"741,048.00",,10-01-2019,,Retail,,
Horseshoe Hammond,1682353,"1,682,353.00",,10-01-2019,,Retail,,
Belterra Casino,150692,"150,692.00",,10-01-2019,,Retail,,
Caesars Southern Indiana,128192,"128,192.00",,10-01-2019,,Retail,,
French Lick Resort,496744,,"496,744.00",10-01-2019,FL - IN.betrivers.com,online,,
French Lick Resort,73745,"73,745.00",,10-01-2019,,Retail,,
Hollywood Lawrenceburg,843970,"843,970.00",,10-01-2019,,Retail,,
Tropicana Evansville,324200,"324,200.00",,10-01-2019,,Retail,,
Harrah's Hoosier Park,240511,"240,511.00",,10-01-2019,,Retail,,
Harrah's Hoosier Park,476743,"476,743.00",,10-01-2019,,Retail,,
Harrah's Hoosier Park,257213,"257,213.00",,10-01-2019,,Retail,,
Indiana Grand,206266,"206,266.00",,10-01-2019,,Retail,,
Indiana Grand,309874,"309,874.00",,10-01-2019,,Retail,,
,,,,,,,Oct-2019 Retial Total:,"6,443,883.00"
,,,,,,,Oct- 2019 Online Total:,"4,185,593.00"
Ameristar Casino,4285918,,"4,285,918.00",11-01-2019,AS - Sportsbook.DraftKings.com,online,,
Ameristar Casino,735103,"735,103.00",,11-01-2019,,Retail,,
Blue Chip Casino,1669784,,"1,669,784.00",11-01-2019,BC - in.sportsbook.FanDuel.com,online,,
Blue Chip Casino,310955,"310,955.00",,11-01-2019,,Retail,,
Horseshoe Hammond,800208,"800,208.00",,11-01-2019,,Retail,,
Belterra Casino,92233,"92,233.00",,11-01-2019,,Retail,,
Caesars Southern Indiana,106081,"106,081.00",,11-01-2019,,Retail,,
French Lick Resort,476284,,"476,284.00",11-01-2019,FL - IN.betrivers.com,online,,
French Lick Resort,45357,"45,357.00",,11-01-2019,,Retail,,
Hollywood Lawrenceburg,1149215,"1,149,215.00",,11-01-2019,,Retail,,
Rising Star Casino,18373,"18,373.00",,11-01-2019,,Retail,,
Tropicana Evansville,174841,"174,841.00",,11-01-2019,,Retail,,
Harrah's Hoosier Park,158190,"158,190.00",,11-01-2019,,Retail,,
Harrah's Hoosier Park,307513,"307,513.00",,11-01-2019,,Retail,,
Harrah's Hoosier Park,92061,"92,061.00",,11-01-2019,,Retail,,
Indiana Grand,47342,"47,342.00",,11-01-2019,,Retail,,
Indiana Grand,123863,"123,863.00",,11-01-2019,,Retail,,
,,,,,,,Nov-2019 Retial Total:,"4,161,335.00"
,,,,,,,Nov-2019 Online Total:,"6,431,986.00"
Ameristar Casino,5043752,,"5,043,752.00",12-01-2019,AS - Sportsbook.DraftKings.com,online,,
Ameristar Casino,928211,"928,211.00",,12-01-2019,,Retail,,
Blue Chip Casino,2208368,,"2,208,368.00",12-01-2019,BC - in.sportsbook.FanDuel.com,online,,
Blue Chip Casino,186802,"186,802.00",,12-01-2019,,Retail,,
Horseshoe Hammond,1148008,"1,148,008.00",,12-01-2019,,Retail,,
Belterra Casino,151640,"151,640.00",,12-01-2019,,Retail,,
Caesars Southern Indiana,170884,"170,884.00",,12-01-2019,,Retail,,
French Lick Resort,528200,,"528,200.00",12-01-2019,FL - IN.betrivers.com,online,,
French Lick Resort,13587,"13,587.00",,12-01-2019,,Retail,,
Hollywood Lawrenceburg,824235,"824,235.00",,12-01-2019,,Retail,,
Rising Star Casino,31037,"31,037.00",,12-01-2019,,Retail,,
Rising Star Casino,-1173,,"-1,173.00",12-01-2019,RS - IN.BetAmerica.com,online,,
Tropicana Evansville,185176,"185,176.00",,12-01-2019,,Retail,,
Harrah's Hoosier Park,30240,"30,240.00",,12-01-2019,,Retail,,
Harrah's Hoosier Park,268091,"268,091.00",,12-01-2019,,Retail,,
Harrah's Hoosier Park,142781,"142,781.00",,12-01-2019,,Retail,,
Indiana Grand,42225,"42,225.00",,12-01-2019,,Retail,,
Indiana Grand,166050,"166,050.00",,12-01-2019,,Retail,,
,,,,,,,Dec-2019 Retial Total:,"4,288,967.00"
,,,,,,,Dec-2019 Online Total:,"7,779,147.00"
Ameristar Casino,4575936,,"4,575,936.00",01-01-2020,AS - Sportsbook.DraftKings.com,online,,
Ameristar Casino,1438143,"1,438,143.00",,01-01-2020,,Retail,,
Blue Chip Casino,1930685,,"1,930,685.00",01-01-2020,BC - in.sportsbook.FanDuel.com,online,,
Blue Chip Casino,279868,"279,868.00",,01-01-2020,,Retail,,
Horseshoe Hammond,1803809,"1,803,809.00",,01-01-2020,,Retail,,
Belterra Casino,8077,"8,077.00",,01-01-2020,,Retail,,
Caesars Southern Indiana,143966,"143,966.00",,01-01-2020,,Retail,,
French Lick Resort,590178,,"590,178.00",01-01-2020,FL - IN.betrivers.com,online,,
French Lick Resort,14132,"14,132.00",,01-01-2020,,Retail,,
Hollywood Lawrenceburg,578993,"578,993.00",,01-01-2020,,Retail,,
Rising Star Casino,-40497,"-40,497.00",,01-01-2020,,Retail,,
Rising Star Casino,1854,,"1,854.00",01-01-2020,RS - IN.BetAmerica.com,online,,
Tropicana Evansville,210974,"210,974.00",,01-01-2020,,Retail,,
Harrah's Hoosier Park,92545,"92,545.00",,01-01-2020,,Retail,,
Harrah's Hoosier Park,226466,"226,466.00",,01-01-2020,,Retail,,
Harrah's Hoosier Park,2775,"2,775.00",,01-01-2020,,Retail,,
Indiana Grand,160491,"160,491.00",,01-01-2020,,Retail,,
Indiana Grand,204827,"204,827.00",,01-01-2020,,Retail,,
,,,,,,,Jan-2020 Retail Total:,"5,124,569.00"
,,,,,,,Jan-2020 Online Total:,"7,098,653.00"
Ameristar Casino,5701990,,"5,701,990.00",02-01-2020,AS - Sportsbook.DraftKings.com,online,,
Ameristar Casino,345660,"345,660.00",,02-01-2020,,Retail,,
Blue Chip Casino,2662677,,"2,662,677.00",02-01-2020,BC - in.sportsbook.FanDuel.com,online,,
Blue Chip Casino,3008,"3,008.00",,02-01-2020,,Retail,,
Horseshoe Hammond,52445,"52,445.00",,02-01-2020,,Retail,,
Belterra Casino,13175,,"13,175.00",02-01-2020, BT - Sports.IN.BetMGM.com ,online,,
Belterra Casino,46173,"46,173.00",,02-01-2020,,Retail,,
 Caesars Southern Indiana ,16774,"16,774.00",,02-01-2020,,Retail,,
 French Lick Resort ,348869,,"348,869.00",02-01-2020, FL - IN.betrivers.com ,online,,
 French Lick Resort ,27015,"27,015.00",,02-01-2020,,Retail,,
 Hollywood Lawrenceburg ,308577,"308,577.00",,02-01-2020,,Retail,,
 Rising Star Casino ,11723,"11,723.00",,02-01-2020,,Retail,,
 Rising Star Casino ,-6169,,"-6,169.00",02-01-2020, RS - IN.BetAmerica.com ,online,,
 Tropicana Evansville ,31513,"31,513.00",,02-01-2020,,Retail,,
Harrah's Hoosier Park,91315,"91,315.00",,02-01-2020,,Retail,,
Harrah's Hoosier Park,129539,"129,539.00",,02-01-2020,,Retail,,
Harrah's Hoosier Park,80910,"80,910.00",,02-01-2020,,Retail,,
 Indiana Grand ,96115,"96,115.00",,02-01-2020,,Retail,,
 Indiana Grand ,420645,"420,645.00",,02-01-2020,,Retail,,
,,,,,,,Feb-2020 Retail Total:,"1,661,412.00"
,,,,,,,Feb-2020 Online Total: ,"8,720,542.00"
Ameristar Casino,2426665,,"2,426,665.00",03-01-2020,AS - Sportsbook.DraftKings.com,online,,
Ameristar Casino,232186,"232,186.00",,03-01-2020,,Retail,,
Blue Chip Casino,1449880,,"1,449,880.00",03-01-2020,BC - in.sportsbook.FanDuel.com,online,,
Blue Chip Casino,10736,"10,736.00",,03-01-2020,,Retail,,
Horseshoe Hammond,211475,"211,475.00",,03-01-2020,,Retail,,
Belterra Casino,370669,,"370,669.00",03-01-2020,BT - Sports.IN.BetMGM.com,online,,
Belterra Casino,-35082,"-35,082.00",,03-01-2020,,Retail,,
Caesars Southern Indiana,-25689,"-25,689.00",,03-01-2020,,Retail,,
French Lick Resort,343482,,"343,482.00",03-01-2020,FL - IN.betrivers.com,online,,
French Lick Resort,-16027,"-16,027.00",,03-01-2020,,Retail,,
Hollywood Lawrenceburg,65390,,"65,390.00",03-01-2020,HW - IN.PointsBet.com,online,,
Hollywood Lawrenceburg,186382,"186,382.00",,03-01-2020,,Retail,,
Rising Star Casino,-5903,"-5,903.00",,03-01-2020,,Retail,,
Rising Star Casino,8233,,"8,233.00",03-01-2020,RS - IN.BetAmerica.com,online,,
Tropicana Evansville,-49753,"-49,753.00",,03-01-2020,,Retail,,
Harrah's Hoosier Park,-86875,"-86,875.00",,03-01-2020,,Retail,,
Harrah's Hoosier Park,77670,"77,670.00",,03-01-2020,,Retail,,
Harrah's Hoosier Park,41664,"41,664.00",,03-01-2020,,Retail,,
Indiana Grand,-8045,"-8,045.00",,03-01-2020,,Retail,,
Indiana Grand,103133,"103,133.00",,03-01-2020,,Retail,,
,,,,,,,Mar-2020 Retial Total:,"635,872.00"
,,,,,,,Mar-2020 Online Total:,"4,664,319.00"
Ameristar Casino,908322,,"908,322.00",04-01-2020,AS - Sportsbook.DraftKings.com,online,,
Ameristar Casino,0,0.00,,04-01-2020,,Retail,,
Blue Chip Casino,558155,,"558,155.00",04-01-2020,BC - in.sportsbook.FanDuel.com,online,,
Blue Chip Casino,0,0.00,,04-01-2020,,Retail,,
Horseshoe Hammond,0,0.00,,04-01-2020,,Retail,,
Belterra Casino,48043,,"48,043.00",04-01-2020,BT - Sports.IN.BetMGM.com,online,,
Belterra Casino,0,0.00,,04-01-2020,,Retail,,
Caesars Southern Indiana,0,0.00,,04-01-2020,,Retail,,
French Lick Resort,116726,,"116,726.00",04-01-2020,FL - IN.betrivers.com,online,,
French Lick Resort,-442,-442.00,,04-01-2020,,Retail,,
Hollywood Lawrenceburg,-4768,,"-4,768.00",04-01-2020,HW - IN.PointsBet.com,online,,
Hollywood Lawrenceburg,0,0.00,,04-01-2020,,Retail,,
Rising Star Casino,0,0.00,,04-01-2020,,Retail,,
Rising Star Casino,3519,,"3,519.00",04-01-2020,RS - IN.BetAmerica.com,online,,
Tropicana Evansville,0,0.00,,04-01-2020,,Retail,,
Harrah's Hoosier Park,0,0.00,,04-01-2020,,Retail,,
Harrah's Hoosier Park,0,0.00,,04-01-2020,,Retail,,
Harrah's Hoosier Park,0,0.00,,04-01-2020,,Retail,,
Indiana Grand,0,0.00,,04-01-2020,,Retail,,
Indiana Grand,0,0.00,,04-01-2020,,Retail,,
,,,,,,,Apr-2020 Retail Total:,-442.00
,,,,,,,Apr-2020 Online Total:,"1,629,997.00"
Ameristar Casino,1801639,,"1,801,639.00",05-01-2020,AS - Sportsbook.DraftKings.com,online,,
Ameristar Casino,0,0.00,,05-01-2020,,Retail,,
Blue Chip Casino,1056061,,"1,056,061.00",05-01-2020,BC - in.sportsbook.FanDuel.com,online,,
Blue Chip Casino,0,0.00,,05-01-2020,,Retail,,
Horseshoe Hammond,2755,,"2,755.00",05-01-2020,HH - in.CaesarsOnline.com,online,,
Horseshoe Hammond,0,0.00,,05-01-2020,,Retail,,
Belterra Casino,123467,,"123,467.00",05-01-2020,BT - Sports.IN.BetMGM.com,online,,
Belterra Casino,0,0.00,,05-01-2020,,Retail,,
Caesars Southern Indiana,0,0.00,,05-01-2020,,Retail,,
French Lick Resort,168721,,"168,721.00",05-01-2020,FL - IN.betrivers.com,online,,
French Lick Resort,-341,-341.00,,05-01-2020,,Retail,,
Hollywood Lawrenceburg,74687,,"74,687.00",05-01-2020,HW - IN.PointsBet.com,online,,
Hollywood Lawrenceburg,0,0.00,,05-01-2020,,Retail,,
Rising Star Casino,0,0.00,,05-01-2020,,Retail,,
Rising Star Casino,10042,,"10,042.00",05-01-2020,RS - IN.BetAmerica.com,online,,
Tropicana Evansville,0,0.00,,05-01-2020,,Retail,,
Harrah's Hoosier Park,0,0.00,,05-01-2020,,Retail,,
Harrah's Hoosier Park,0,0.00,,05-01-2020,,Retail,,
Harrah's Hoosier Park,0,0.00,,05-01-2020,,Retail,,
Indiana Grand,0,0.00,,05-01-2020,,Retail,,
Indiana Grand,0,0.00,,05-01-2020,,Retail,,
,,,,,,,May-2020 Retail Total:,-341.00
,,,,,,,May-2020 Online Total:,"3,237,372.00"
Ameristar Casino,1600537,,"1,600,537.00",06-01-2020,AS - Sportsbook.DraftKings.com,online,,
Ameristar Casino,-60108,"-60,108.00",,06-01-2020,,Retail,,
Blue Chip Casino,839056,,"839,056.00",06-01-2020,BC - in.sportsbook.FanDuel.com,online,,
Blue Chip Casino,-43349,"-43,349.00",,06-01-2020,,Retail,,
Horseshoe Hammond,3658,,"3,658.00",06-01-2020,HH - in.CaesarsOnline.com,online,,
Horseshoe Hammond,-30844,"-30,844.00",,06-01-2020,,Retail,,
Belterra Casino,132133,,"132,133.00",06-01-2020,BT - Sports.IN.BetMGM.com,online,,
Belterra Casino,-11798,"-11,798.00",,06-01-2020,,Retail,,
Caesars Southern Indiana,-31629,"-31,629.00",,06-01-2020,,Retail,,
French Lick Resort,157889,,"157,889.00",06-01-2020,FL - IN.betrivers.com,online,,
French Lick Resort,-154,-154.00,,06-01-2020,,Retail,,
Hollywood Lawrenceburg,33442,,"33,442.05",06-01-2020,HW - IN.PointsBet.com,online,,
Hollywood Lawrenceburg,-35912,"-35,911.81",,06-01-2020,,Retail,,
Rising Star Casino,-1200,"-1,199.97",,06-01-2020,,Retail,,
Rising Star Casino,2162,,"2,162.30",06-01-2020,RS - IN.BetAmerica.com,online,,
Tropicana Evansville,-2847,"-2,847.05",,06-01-2020,,Retail,,
Harrah's Hoosier Park,-4725,"-4,725.00",,06-01-2020,,Retail,,
Harrah's Hoosier Park,0,0.00,,06-01-2020,,Retail,,
Harrah's Hoosier Park,0,0.00,,06-01-2020,,Retail,,
Indiana Grand,-2508,"-2,508.32",,06-01-2020,,Retail,,
Indiana Grand,0,0.00,,06-01-2020,,Retail,,
,,,,,,,Jun-2020 Retail Total:,"-225,074.15"
,,,,,,,Jun-2020 Online Total:,"2,768,877.35"
Ameristar Casino,2207396,,"2,207,395.93",07-01-2020,AS - Sportsbook.DraftKings.com,online,,
Ameristar Casino,230965,"230,964.57",,07-01-2020,,Retail,,
Blue Chip Casino,1121836,,"1,121,836.21",07-01-2020,BC - in.sportsbook.FanDuel.com,online,,
Blue Chip Casino,55799,"55,799.00",,07-01-2020,,Retail,,
Horseshoe Hammond,27960,,"27,959.50",07-01-2020,HH - in.CaesarsOnline.com,online,,
Horseshoe Hammond,-1246,,"-1,245.50",07-01-2020,HH - IN.Unibet.com,online,,
Horseshoe Hammond,15352,"15,351.57",,07-01-2020,,Retail,,
Belterra Casino,441896,,"441,895.83",07-01-2020,BT - Sports.IN.BetMGM.com,online,,
Belterra Casino,-18008,"-18,007.50",,07-01-2020,,Retail,,
Caesars Southern Indiana,41790,"41,790.03",,07-01-2020,,Retail,,
French Lick Resort,197598,,"197,597.60",07-01-2020,FL - IN.betrivers.com,online,,
French Lick Resort,1751,"1,751.02",,07-01-2020,,Retail,,
Hollywood Lawrenceburg,121887,,"121,886.74",07-01-2020,HW - IN.PointsBet.com,online,,
Hollywood Lawrenceburg,413420,"413,420.27",,07-01-2020,,Retail,,
Rising Star Casino,1309,"1,309.49",,07-01-2020,,Retail,,
Rising Star Casino,-447,,-447.12,07-01-2020,RS - IN.BetAmerica.com,online,,
Tropicana Evansville,-74479,"-74,478.60",,07-01-2020,,Retail,,
Harrah's Hoosier Park,17036,"17,035.80",,07-01-2020,,Retail,,
Harrah's Hoosier Park,51394,"51,394.36",,07-01-2020,,Retail,,
Harrah's Hoosier Park,11325,"11,324.83",,07-01-2020,,Retail,,
Indiana Grand,12606,"12,605.62",,07-01-2020,,Retail,,
Indiana Grand,8374,"8,374.22",,07-01-2020,,Retail,,
,,,,,,,Jul-2020 Retail Total:,"768,634.68"
,,,,,,,Jul-2020 Online Total:,"4,116,879.19"
Ameristar Casino,5181163,,"5,181,162.59",08-01-2020,AS - Sportsbook.DraftKings.com,online,,
Ameristar Casino,638795,"638,795.26",,08-01-2020,,Retail,,
Blue Chip Casino,3541166,,"3,541,165.86",08-01-2020,BC - in.sportsbook.FanDuel.com,online,,
Blue Chip Casino,101285,"101,284.75",,08-01-2020,,Retail,,
Horseshoe Hammond,18355,,"18,355.34",08-01-2020,HH - in.CaesarsOnline.com,online,,
Horseshoe Hammond,38796,,"38,795.82",08-01-2020,HH - IN.Unibet.com,online,,
Horseshoe Hammond,191765,"191,765.14",,08-01-2020,,Retail,,
Belterra Casino,634599,,"634,599.19",08-01-2020,BT - Sports.IN.BetMGM.com,online,,
Belterra Casino,109273,"109,272.50",,08-01-2020,,Retail,,
Caesars Southern Indiana,-6409,"-6,409.10",,08-01-2020,,Retail,,
French Lick Resort,327687,,"327,686.55",08-01-2020,FL - IN.betrivers.com,online,,
French Lick Resort,16161,"16,160.91",,08-01-2020,,Retail,,
Hollywood Lawrenceburg,274923,,"274,923.12",08-01-2020,HW - IN.PointsBet.com,online,,
Hollywood Lawrenceburg,854022,"854,022.33",,08-01-2020,,Retail,,
Rising Star Casino,9761,"9,760.72",,08-01-2020,,Retail,,
Rising Star Casino,-599,,-599.41,08-01-2020,RS - IN.BetAmerica.com,online,,
Tropicana Evansville,94407,"94,407.44",,08-01-2020,,Retail,,
Harrah's Hoosier Park,81300,"81,299.88",,08-01-2020,,Retail,,
Harrah's Hoosier Park,141822,"141,822.43",,08-01-2020,,Retail,,
Harrah's Hoosier Park,59560,"59,560.32",,08-01-2020,,Retail,,
Indiana Grand,88569,"88,569.36",,08-01-2020,,Retail,,
Indiana Grand,205419,"205,418.52",,08-01-2020,,Retail,,
,,,,,,,Aug-2020 Retail Total:,"2,585,730.46"
,,,,,,,Aug-2020 Online Total:,"10,016,089.06"
Ameristar Casino,3183962,,"3,183,961.93",09-01-2020,AS - Sportsbook.DraftKings.com,online,,
Ameristar Casino,44130,,"44,129.70",09-01-2020,AS - theScore.bet,online,,
Ameristar Casino,605159,"605,159.15",,09-01-2020,,Retail,,
Blue Chip Casino,2325224,,"2,325,223.96",09-01-2020,BC - in.sportsbook.FanDuel.com,online,,
Blue Chip Casino,84709,"84,708.75",,09-01-2020,,Retail,,
Horseshoe Hammond,-13954,,"-13,954.46",09-01-2020,HH - in.CaesarsOnline.com,online,,
Horseshoe Hammond,-28340,,"-28,340.38",09-01-2020,HH - IN.Unibet.com,online,,
Horseshoe Hammond,322540,"322,540.08",,09-01-2020,,Retail,,
Belterra Casino,1291794,,"1,291,794.49",09-01-2020,BT - Sports.IN.BetMGM.com,online,,
Belterra Casino,120850,"120,849.50",,09-02-2020,,Retail,,
Caesars Southern Indiana,109488,"109,488.31",,09-01-2020,,Retail,,
French Lick Resort,340387,,"340,387.25",09-01-2020,FL - IN.betrivers.com,online,,
French Lick Resort,30564,"30,564.37",,09-02-2020,,Retail,,
Hollywood Lawrenceburg,281042,,"281,041.84",09-01-2020,HW - IN.PointsBet.com,online,,
Hollywood Lawrenceburg,1180536,"1,180,536.07",,09-02-2020,,Retail,,
Rising Star Casino,8889,"8,888.56",,09-01-2020,,Retail,,
Rising Star Casino,13565,,"13,565.31",09-02-2020,RS - IN.BetAmerica.com,online,,
Tropicana Evansville,245214,"245,214.00",,09-01-2020,,Retail,,
Harrah's Hoosier Park,97139,"97,139.25",,09-01-2020,,Retail,,
Harrah's Hoosier Park,206310,"206,309.64",,09-01-2020,,Retail,,
Harrah's Hoosier Park,131438,"131,438.10",,09-01-2020,,Retail,,
Indiana Grand,149708,"149,708.06",,09-01-2020,,Retail,,
Indiana Grand,507912,"507,911.86",,09-01-2020,,Retail,,
,,,,,,,Sep-2020 Retail Total:,"3,800,455.70"
,,,,,,,Sep-2020 Online Total:,"7,437,809.64"
Ameristar Casino,8627935,,"8,627,935.47",10-01-2020,AS - Sportsbook.DraftKings.com,online,,
Ameristar Casino,123494,,"123,494.04",10-01-2020,AS - theScore.bet,online,,
Ameristar Casino,844633,"844,632.98",,10-01-2020,,Retail*,,
Blue Chip Casino,7085879,,"7,085,879.43",10-01-2020,BC - in.sportsbook.FanDuel.com,online,,
Blue Chip Casino,233229,"233,229.00",,10-01-2020,,Retail,,
Horseshoe Hammond,31182,,"31,181.76",10-01-2020,HH - in.CaesarsOnline.com,online,,
Horseshoe Hammond,188558,,"188,557.69",10-01-2020,HH - IN.Unibet.com,online,,
Horseshoe Hammond,655874,"655,873.58",,10-01-2020,,Retail,,
Belterra Casino,1778855,,"1,778,854.54",10-01-2020,BT - Sports.IN.BetMGM.com,online,,
Belterra Casino,119353,"119,352.90",,10-01-2020,,Retail,,
Caesars Southern Indiana,428886,"428,886.00",,10-01-2020,,Retail,,
French Lick Resort,632752,,"632,751.70",10-01-2020,FL - IN.betrivers.com,online,,
French Lick Resort,79344,"79,344.05",,10-01-2020,,Retail,,
Hollywood Lawrenceburg,862865,,"862,865.33",10-01-2020,HW - IN.PointsBet.com,online,,
Hollywood Lawrenceburg,1867230,"1,867,229.61",,10-01-2020,,Retail**,,
Rising Star Casino,31154,"31,153.76",,10-01-2020,,Retail,,
Rising Star Casino,-10016,,"-10,015.56",10-01-2020,RS - IN.BetAmerica.com,online,,
Tropicana Evansville,227928,"227,927.81",,10-01-2020,,Retail,,
Tropicana Evansville,65406,,"65,405.79",10-01-2020,TP - WilliamHill.com,online,,
Harrah's Hoosier Park,147432,"147,431.89",,10-01-2020,,Retail,,
Harrah's Hoosier Park,243609,"243,608.65",,10-01-2020,,Retail,,
Harrah's Hoosier Park,171481,"171,481.10",,10-01-2020,,Retail,,
Indiana Grand,171267,"171,267.23",,10-01-2020,,Retail,,
Indiana Grand,486486,"486,485.74",,10-01-2020,,Retail,,
,,,,,,,Oct-2020 Retail Total:,"5,707,904.30"
,,,,,,,Oct-2020 Online Total:,"19,386,910.19"
Ameristar Casino,7047927,,"7,047,926.56",11-01-2020,AS - Sportsbook.DraftKings.com,online,,
Ameristar Casino,45530,,"45,530.36",11-01-2020,AS - theScore.bet,online,,
Ameristar Casino,1288481,"1,288,481.44",,,,Retail*,,
Blue Chip Casino,7712196,,"7,712,196.13",11-01-2020,BC - in.sportsbook.FanDuel.com,online,,
Blue Chip Casino,376551,"376,550.80",,11-01-2020,,Retail,,
Horseshoe Hammond,67095,,"67,094.85",11-01-2020,HH - in.CaesarsOnline.com,online,,
Horseshoe Hammond,-7008,,"-7,008.22",11-01-2020,HH - IN.Unibet.com,online,,
Horseshoe Hammond,1018310,"1,018,309.73",,11-01-2020,,Retail,,
Belterra Casino,2216093,,"2,216,093.14",11-01-2020,BT - Sports.IN.BetMGM.com,online,,
Belterra Casino,61839,"61,839.00",,11-01-2020,,Retail,,
Caesars Southern Indiana,359724,"359,723.85",,11-01-2020,,Retail,,
French Lick Resort,660365,,"660,364.98",11-01-2020,FL - IN.betrivers.com,online,,
French Lick Resort,48001,"48,000.71",,11-01-2020,,Retail,,
Hollywood Lawrenceburg,794517,,"794,517.17",11-01-2020,HW - IN.PointsBet.com,online,,
Hollywood Lawrenceburg,1731084,"1,731,083.71",,11-01-2020,,Retail**,,
Rising Star Casino,28691,"28,690.53",,11-01-2020,,Retail,,
Rising Star Casino,11005,,"11,005.38",11-01-2020,RS - IN.BetAmerica.com,online,,
Tropicana Evansville,152517,"152,517.42",,11-01-2020,,Retail,,
Tropicana Evansville,685922,,"685,921.92",11-01-2020,TP - WilliamHill.com,online,,
Harrah's Hoosier Park,109058,"109,057.87",,11-01-2020,,Retail,,
Harrah's Hoosier Park,228359,"228,359.23",,11-01-2020,,Retail,,
Harrah's Hoosier Park,157673,"157,673.47",,11-01-2020,,Retail,,
Indiana Grand,219008,"219,007.63",,11-01-2020,,Retail,,
Indiana Grand,242703,"242,703.03",,11-01-2020,,Retail,,
,,,,,,,Nov-2020 Retail Total:,"6,021,998.42"
,,,,,,,Nov-2020 Online Total:,"19,233,642.27"
Ameristar Casino,5129176,,"5,129,175.91",12-01-2020,AS - Sportsbook.DraftKings.com,online,,
Ameristar Casino,85721,,"85,721.07",12-01-2020,AS - theScore.bet,online,,
Ameristar Casino,1673975,"1,673,974.86",,12-01-2020,,Retail,,
Blue Chip Casino,5006329,,"5,006,329.48",12-01-2020,BC - in.sportsbook.FanDuel.com,online,,
Blue Chip Casino,90098,"90,098.25",,12-02-2020,,Retail,,
Horseshoe Hammond,27569,,"27,568.91",12-01-2020,HH - in.CaesarsOnline.com,online,,
Horseshoe Hammond,108609,,"108,609.14",12-01-2020,HH - IN.Unibet.com,online,,
Horseshoe Hammond,1076031,"1,076,030.96",,12-01-2020,,Retail*,,
Belterra Casino,2875569,,"2,875,568.93",12-01-2020,BT - Sports.IN.BetMGM.com,online,,
Belterra Casino,-563052,"-563,051.51",,12-01-2020,,Retail,,
Caesars Southern Indiana,161869,"161,869.16",,12-01-2020,,Retail,,
French Lick Resort,803868,,"803,868.49",12-01-2020,FL - IN.betrivers.com,online,,
French Lick Resort,-47363,"-47,363.02",,12-01-2020,,Retail,,
Hollywood Lawrenceburg,1243577,,"1,243,576.76",12-01-2020,HW - IN.PointsBet.com,online,,
Hollywood Lawrenceburg,2078823,"2,078,822.50",,12-01-2020,,Retail,,
Rising Star Casino,10431,"10,431.21",,12-01-2020,,Retail,,
Rising Star Casino,14505,,"14,504.54",12-01-2020,RS - IN.BetAmerica.com,online,,
Tropicana Evansville,284293,"284,293.05",,12-01-2020,,Retail,,
Tropicana Evansville,632634,,"632,634.33",12-01-2020,TP - WilliamHill.com,online,,
Harrah's Hoosier Park,171497,"171,497.27",,12-01-2020,,Retail,,
Harrah's Hoosier Park,286627,"286,626.88",,12-01-2020,,Retail,,
Harrah's Hoosier Park,171852,"171,851.59",,12-01-2020,,Retail,,
Indiana Grand,300515,"300,514.73",,12-01-2020,,Retail,,
Indiana Grand,380452,"380,452.40",,12-01-2020,,Retail,,
,,,,,,,Dec-2020 Retail Total:,"6,076,048.33"
,,,,,,,Dec-2020 Online Total:,"15,927,557.56"
Ameristar Casino,9360473,,"9,360,473.21",01-01-2021,AS - Sportsbook.DraftKings.com,online,,
Ameristar Casino,134301,,"134,301.33",01-01-2021,AS - theScore.bet,online,,
Ameristar Casino,1239633,"1,239,632.57",,01-01-2021,,Retail,,
Blue Chip Casino,8222862,,"8,222,861.73",01-01-2021,BC - in.sportsbook.FanDuel.com,online,,
Blue Chip Casino,115250,"115,250.25",,01-01-2021,,Retail,,
Horseshoe Hammond,34008,,"34,007.68",01-01-2021,HH - in.CaesarsOnline.com,online,,
Horseshoe Hammond,98717,,"98,717.36",01-01-2021,HH - IN.Unibet.com,online,,
Horseshoe Hammond,797683,"797,683.07",,01-01-2021,,Retail*,,
Belterra Casino,3715427,,"3,715,427.21",01-01-2021,BT - Sports.IN.BetMGM.com,online,,
Belterra Casino,1294923,"1,294,923.00",,01-01-2021,,Retail,,
Caesars Southern Indiana,264334,"264,333.94",,01-01-2021,,Retail,,
French Lick Resort,828347,,"828,347.37",01-01-2021,FL - IN.betrivers.com,online,,
French Lick Resort,55225,"55,225.11",,01-01-2021,,Retail,,
Hollywood Lawrenceburg,1363145,,"1,363,145.30",01-01-2021,HW - IN.PointsBet.com,online,,
Hollywood Lawrenceburg,1845344,"1,845,343.70",,01-01-2021,,Retail,,
Rising Star Casino,21556,"21,556.07",,01-01-2021,,Retail,,
Rising Star Casino,11476,,"11,476.06",01-01-2021,RS - IN.BetAmerica.com,online,,
Tropicana Evansville,228400,"228,400.30",,01-01-2021,,Retail,,
Tropicana Evansville,543439,,"543,439.26",01-01-2021,TP - WilliamHill.com,online,,
Harrah's Hoosier Park,105646,"105,645.98",,01-01-2021,,Retail,,
Harrah's Hoosier Park,407446,"407,445.84",,01-01-2021,,Retail,,
Harrah's Hoosier Park,166119,"166,119.06",,01-01-2021,,Retail,,
Indiana Grand,227997,"227,996.88",,01-01-2021,,Retail,,
Indiana Grand,586425,"586,425.45",,01-01-2021,,Retail,,
,,,,,,,Jan-2021 Retail Total:,"7,355,981.22"
,,,,,,,Jan-2021 Online Total:,"24,312,196.51"
Ameristar Casino,AS - Sportsbook.DraftKings.com,,"3,741,468.88",02-01-2021,AS - Sportsbook.DraftKings.com,online,,
Ameristar Casino,AS - theScore.bet,,"180,673.76",,AS - theScore.bet,online,,
Ameristar Casino,Retail,"176,175.87","176,175.87",,,Retail,,
Blue Chip Casino,BC - in.sportsbook.FanDuel.com,,"4,961,681.27",02-01-2021,BC - in.sportsbook.FanDuel.com,online,,
Blue Chip Casino,Retail,"-6,345.75","-6,345.75",,,Retail,,
Horseshoe Hammond,HH - in.CaesarsOnline.com,,"-20,062.27",02-01-2021,HH - in.CaesarsOnline.com,online,,
Horseshoe Hammond,HH - IN.Unibet.com,,"70,124.84",,HH - IN.Unibet.com,online,,
Horseshoe Hammond,Retail,"430,232.70","430,232.70",,,Retail,,
Belterra Casino,BT - Sports.IN.BetMGM.com,,"2,165,858.36",02-01-2021,BT - Sports.IN.BetMGM.com,online,,
Belterra Casino,Retail,"74,774.50","74,774.50",,,Retail,,
Caesars Southern Indiana,Retail,"190,629.87","190,629.87",02-01-2021,,Retail,,
French Lick Resort,FL - IN.betrivers.com,,"490,139.24",02-01-2021,FL - IN.betrivers.com,online,,
French Lick Resort,Retail,"41,981.02","41,981.02",,,Retail,,
Hollywood Lawrenceburg,HW - IN.PointsBet.com,,"1,283,631.68",02-01-2021,HW - IN.PointsBet.com,online,,
Hollywood Lawrenceburg,Retail,"878,123.55","878,123.55",,,Retail,,
Rising Star Casino,Retail,"8,925.16","8,925.16",02-01-2021,,Retail,,
Rising Star Casino,RS - IN.BetAmerica.com,,"3,327.79",,RS - IN.BetAmerica.com,online,,
Tropicana Evansville,Retail,"-23,515.96","-23,515.96",02-01-2021,,Retail,,
Tropicana Evansville,TP - WilliamHill.com,,"584,406.34",,TP - WilliamHill.com,online,,
Harrah's Hoosier Park,Retail,"-3,311.46","-3,311.46",02-01-2021,,Retail,,
Harrah's Hoosier Park,WC Downtown Indianapolis,"186,185.50","186,185.50",,,Retail,,
Harrah's Hoosier Park,WC New Haven,"30,893.04","30,893.04",,,Retail,,
Indiana Grand,Retail,"47,684.04","47,684.04",02-01-2021,,Retail,,
Indiana Grand,WC Clarksville,"373,460.58","373,460.58",,,Retail,,
,,,,,,,Feb-2021 Retail Total:,"2,405,892.66"
,,,,,,,Feb-2021 Online Total:,"13,461,249.89"
Ameristar Casino,AS - Sportsbook.DraftKings.com,,"8,479,903.87",03-01-2021,AS - Sportsbook.DraftKings.com,online,,
Ameristar Casino,AS - theScore.bet,,"263,111.49",,AS - theScore.bet,online,,
Ameristar Casino,Retail,"560,418.31","560,418.31",,,Retail,,
Blue Chip Casino,BC - in.sportsbook.FanDuel.com,,"6,774,461.76",03-01-2021,BC - in.sportsbook.FanDuel.com,online,,
Blue Chip Casino,Retail,"157,726.54","157,726.54",,,Retail,,
Horseshoe Hammond,HH - in.CaesarsOnline.com,,"1,391.95",03-01-2021,HH - in.CaesarsOnline.com,online,,
Horseshoe Hammond,HH - IN.Unibet.com,,"139,282.54",,HH - IN.Unibet.com,online,,
Horseshoe Hammond,Retail,"338,563.17","338,563.17",,,Retail,,
Belterra Casino,BT - Sports.IN.BetMGM.com,,"3,597,617.59",03-01-2021,BT - Sports.IN.BetMGM.com,online,,
Belterra Casino,Retail,"131,913.00","131,913.00",,,Retail,,
Caesars Southern Indiana,Retail,"340,836.01","340,836.01",03-01-2021,,Retail,,
French Lick Resort,FL - IN.betrivers.com,,"829,033.92",03-01-2021,FL - IN.betrivers.com,online,,
French Lick Resort,Retail,"47,078.77","47,078.77",,,Retail,,
Hollywood Lawrenceburg,HW - IN.PointsBet.com,,"1,658,267.04",03-01-2021,HW - IN.PointsBet.com,online,,
Hollywood Lawrenceburg,Retail,"1,659,156.15","1,659,156.15",,,Retail,,
Rising Star Casino,Retail,"51,811.89","51,811.89",03-01-2021,,Retail,,
Rising Star Casino,RS - IN.BetAmerica.com,,"1,190.88",,RS - IN.BetAmerica.com,online,,
Rising Star Casino,RS - WynnBet.com,,0.00,,RS - WynnBet.com,online,,
Tropicana Evansville,Retail,"271,715.81","271,715.81",03-01-2021,,Retail,,
Tropicana Evansville,TP - WilliamHill.com,,"879,576.50",,TP - WilliamHill.com,online,,
Harrah's Hoosier Park,Retail,"173,828.73","173,828.73",03-01-2021,,Retail,,
Harrah's Hoosier Park,WC Downtown Indianapolis,"283,113.24","283,113.24",,,Retail,,
Harrah's Hoosier Park,WC New Haven,"134,933.77","134,933.77",,,Retail,,
Indiana Grand,Retail,"130,946.11","130,946.11",03-01-2021,,Retail,,
Indiana Grand,WC Clarksville,"515,129.07","515,129.07",,,Retail,,
,,,,,,,Mar-2021 Retail Total:,"4,797,170.57"
,,,,,,,Mar-2021 Online Total:,"22,623,837.54"
Ameristar Casino,AS - Sportsbook.DraftKings.com,,"6,104,862.88",04-01-2021,AS - Sportsbook.DraftKings.com,online,,
Ameristar Casino,AS - theScore.bet,,"128,670.20",,AS - theScore.bet,online,,
Ameristar Casino,Retail,"770,755.81","770,755.81",,,Retail,,
Blue Chip Casino,BC - in.sportsbook.FanDuel.com,,"5,686,722.85",04-01-2021,BC - in.sportsbook.FanDuel.com,online,,
Blue Chip Casino,Retail,"21,281.00","21,281.00",,,Retail,,
Horseshoe Hammond,HH - in.CaesarsOnline.com,,"-2,166.50",04-01-2021,HH - in.CaesarsOnline.com,online,,
Horseshoe Hammond,HH - IN.Unibet.com,,"23,883.72",,HH - IN.Unibet.com,online,,
Horseshoe Hammond,Retail,"-16,640.35","-16,640.35",,,Retail,,
Belterra Casino,BT - Sports.IN.BetMGM.com,,"3,074,268.87",04-01-2021,BT - Sports.IN.BetMGM.com,online,,
Belterra Casino,Retail,"26,030.25","26,030.25",,,Retail,,
Caesars Southern Indiana,Retail,"111,374.20","111,374.20",04-01-2021,,Retail,,
French Lick Resort,FL - IN.betrivers.com,,"381,974.67",04-01-2021,FL - IN.betrivers.com,online,,
French Lick Resort,Retail,"-17,690.12","-17,690.12",,,Retail,,
Hollywood Lawrenceburg,HW - IN.PointsBet.com,,"794,476.15",04-01-2021,HW - IN.PointsBet.com,online,,
Hollywood Lawrenceburg,Retail,"1,335,715.81","1,335,715.81",,,Retail,,
Rising Star Casino,Retail,"9,040.35","9,040.35",04-01-2021,,Retail,,
Rising Star Casino,RS - in.TwinSpires.com,,"-8,928.78",,RS - in.TwinSpires.com,online,,
Rising Star Casino,RS - WynnBet.com,,"47,205.99",,RS - WynnBet.com,online,,
Tropicana Evansville,Retail,"126,063.75","126,063.75",04-01-2021,,Retail,,
Tropicana Evansville,TP - WilliamHill.com,,"378,829.76",,TP - WilliamHill.com,online,,
Harrah's Hoosier Park,Retail,"73,733.62","73,733.62",04-01-2021,,Retail,,
Harrah's Hoosier Park,WC Downtown Indianapolis,"196,732.43","196,732.43",,,Retail,,
Harrah's Hoosier Park,WC New Haven,"86,218.54","86,218.54",,,Retail,,
Indiana Grand,Retail,"24,259.84","24,259.84",04-01-2021,,Retail,,
Indiana Grand,WC Clarksville,"333,644.60","333,644.60",,,Retail,,
,,,,,,,April-2021 Retail Total:,"3,080,519.73"
,,,,,,,Apr-2021 Online Total:,"16,609,799.81"
Ameristar Casino,AS - Sportsbook.DraftKings.com,,"2,944,532.00",05-01-2021,AS - Sportsbook.DraftKings.com,online,,
Ameristar Casino,AS - theScore.bet,,"125,728.59",,AS - theScore.bet,online,,
Ameristar Casino,Retail,"657,025.88","657,025.88",,,Retail,,
Blue Chip Casino,BC - in.sportsbook.FanDuel.com,,"7,636,128.04",05-01-2021,BC - in.sportsbook.FanDuel.com,online,,
Blue Chip Casino,Retail,"36,941.75","36,941.75",,,Retail,,
Horseshoe Hammond,HH - in.CaesarsOnline.com,,-135.54,05-01-2021,HH - in.CaesarsOnline.com,online,,
Horseshoe Hammond,HH - IN.Unibet.com,,"83,088.58",,HH - IN.Unibet.com,online,,
Horseshoe Hammond,Retail,"203,479.94","203,479.94",,,Retail,,
Belterra Casino,BT - BetWay.com,,-161.29,05-01-2021,BT - BetWay.com,online,,
Belterra Casino,BT - Sports.IN.BetMGM.com,,"2,520,088.20",,BT - Sports.IN.BetMGM.com,online,,
Belterra Casino,Retail,"42,502.75","42,502.75",,,Retail,,
Caesars Southern Indiana,Retail,"47,303.41","47,303.41",05-01-2021,,Retail,,
French Lick Resort,FL - IN.betrivers.com,,"438,228.74",05-01-2021,FL - IN.betrivers.com,online,,
French Lick Resort,Retail,"6,238.54","6,238.54",,,Retail,,
Hollywood Lawrenceburg,HW - BarstoolSportbook.com,,"267,511.99",05-01-2021,HW - BarstoolSportbook.com,online,,
Hollywood Lawrenceburg,HW - IN.PointsBet.com,,"1,008,729.99",,HW - IN.PointsBet.com,online,,
Hollywood Lawrenceburg,Retail,"784,869.24","784,869.24",,,Retail,,
Rising Star Casino,Retail,"-22,707.60","-22,707.60",05-01-2021,,Retail,,
Rising Star Casino,RS - in.TwinSpires.com,,"53,878.00",,RS - in.TwinSpires.com,online,,
Rising Star Casino,RS - WynnBet.com,,"56,074.48",,RS - WynnBet.com,online,,
Tropicana Evansville,Retail,"90,219.88","90,219.88",05-01-2021,,Retail,,
Tropicana Evansville,TP - WilliamHill.com,,"173,884.73",,TP - WilliamHill.com,online,,
Harrah's Hoosier Park,Retail,"91,459.35","91,459.35",05-01-2021,,Retail,,
Harrah's Hoosier Park,WC Downtown Indianapolis,"238,823.89","238,823.89",,,Retail,,
Harrah's Hoosier Park,WC New Haven,"84,143.45","84,143.45",,,Retail,,
Indiana Grand,Retail,"121,093.18","121,093.18",05-01-2021,,Retail,,
Indiana Grand,WC Clarksville,"322,368.53","322,368.53",,,Retail,,
,,,,,,,May-2021 Retail Total:,"2,703,762.19"
,,,,,,,May-2021 Online Total:,"15,307,576.51"
Ameristar Casino,AS - Sportsbook.DraftKings.com,,"6,190,833.28",06-01-2021,AS - Sportsbook.DraftKings.com,online,,
Ameristar Casino,AS - theScore.bet,,"41,678.20",,AS - theScore.bet,online,,
Ameristar Casino,Retail,"696,266.90","696,266.90",,,Retail,,
Blue Chip Casino,BC - in.sportsbook.FanDuel.com,,"9,067,048.77",06-01-2021,BC - in.sportsbook.FanDuel.com,online,,
Blue Chip Casino,Retail,"136,971.25","136,971.25",,,Retail,,
Horseshoe Hammond,HH - in.CaesarsOnline.com,,-450.00,06-01-2021,HH - in.CaesarsOnline.com,online,,
Horseshoe Hammond,HH - IN.Unibet.com,,"53,947.40",,HH - IN.Unibet.com,online,,
Horseshoe Hammond,Retail,"662,008.78","662,008.78",,,Retail,,
Belterra Casino,BT - BetWay.com,,-25.03,06-01-2021,BT - BetWay.com,online,,
Belterra Casino,BT - Sports.IN.BetMGM.com,,"3,241,588.65",,BT - Sports.IN.BetMGM.com,online,,
Belterra Casino,Retail,"14,743.00","14,743.00",,,Retail,,
Caesars Southern Indiana,Retail,"207,663.09","207,663.09",06-01-2021,,Retail,,
French Lick Resort,FL - IN.betrivers.com,,"600,923.64",06-01-2021,FL - IN.betrivers.com,online,,
French Lick Resort,Retail,"76,707.87","76,707.87",,,Retail,,
Hollywood Lawrenceburg,HW - BarstoolSportbook.com,,"33,167.37",06-01-2021,HW - BarstoolSportbook.com,online,,
Hollywood Lawrenceburg,HW - IN.PointsBet.com,,"885,811.62",,HW - IN.PointsBet.com,online,,
Hollywood Lawrenceburg,Retail,"832,390.75","832,390.75",,,Retail,,
Rising Star Casino,Retail,"9,403.85","9,403.85",06-01-2021,,Retail,,
Rising Star Casino,RS - in.TwinSpires.com,,"80,162.26",,RS - in.TwinSpires.com,online,,
Rising Star Casino,RS - WynnBet.com,,"81,738.30",,RS - WynnBet.com,online,,
Tropicana Evansville,Retail,"96,154.68","96,154.68",06-01-2021,,Retail,,
Tropicana Evansville,TP - WilliamHill.com,,"3,009,429.47",,TP - WilliamHill.com,online,,
Harrah's Hoosier Park,Retail,"-12,404.36","-12,404.36",06-01-2021,,Retail,,
Harrah's Hoosier Park,WC Downtown Indianapolis,"200,174.16","200,174.16",,,Retail,,
Harrah's Hoosier Park,WC New Haven,"89,155.93","89,155.93",,,Retail,,
Indiana Grand,Retail,"138,298.84","138,298.84",06-01-2021,,Retail,,
Indiana Grand,WC Clarksville,"315,413.88","315,413.88",,,Retail,,
,,,,,,,Jun-2021 Retail Total:,"3,462,948.62"
,,,,,,,Jun-2021 Online Total:,"23,285,853.93"
Ameristar Casino,AS - Sportsbook.DraftKings.com,,"4,739,261.34",07-01-2021,AS - Sportsbook.DraftKings.com,online,,
Ameristar Casino,AS - theScore.bet,,"73,512.08",,AS - theScore.bet,online,,
Ameristar Casino,Retail,"354,648.02","354,648.02",,,Retail,,
Blue Chip Casino,BC - in.sportsbook.FanDuel.com,,"5,294,976.46",07-01-2021,BC - in.sportsbook.FanDuel.com,online,,
Blue Chip Casino,Retail,"28,018.00","28,018.00",,,Retail,,
Horseshoe Hammond,HH - in.CaesarsOnline.com,,"-1,058.50",07-01-2021,HH - in.CaesarsOnline.com,online,,
Horseshoe Hammond,HH - IN.Unibet.com,,"80,444.15",,HH - IN.Unibet.com,online,,
Horseshoe Hammond,Retail,"163,699.91","163,699.91",,,Retail,,
Belterra Casino,BT - BetWay.com,,"-5,042.89",07-01-2021,BT - BetWay.com,online,,
Belterra Casino,BT - Sports.IN.BetMGM.com,,"2,191,950.95",,BT - Sports.IN.BetMGM.com,online,,
Belterra Casino,Retail,"27,069.75","27,069.75",,,Retail,,
Caesars Southern Indiana,Retail,"119,242.65","119,242.65",07-01-2021,,Retail,,
French Lick Resort,FL - IN.betrivers.com,,"659,187.43",07-01-2021,FL - IN.betrivers.com,online,,
French Lick Resort,Retail,"29,382.99","29,382.99",,,Retail,,
Hollywood Lawrenceburg,HW - BarstoolSportbook.com,,"463,462.14",07-01-2021,HW - BarstoolSportbook.com,online,,
Hollywood Lawrenceburg,HW - IN.PointsBet.com,,"747,400.32",,HW - IN.PointsBet.com,online,,
Hollywood Lawrenceburg,Retail,"1,207,309.65","1,207,309.65",,,Retail,,
Rising Star Casino,Retail,233.57,233.57,07-01-2021,,Retail,,
Rising Star Casino,RS - in.TwinSpires.com,,"60,152.51",,RS - in.TwinSpires.com,online,,
Rising Star Casino,RS - WynnBet.com,,"109,614.46",,RS - WynnBet.com,online,,
Tropicana Evansville,Retail,"12,838.84","12,838.84",07-01-2021,,Retail,,
Tropicana Evansville,TP - WilliamHill.com,,"228,926.67",,TP - WilliamHill.com,online,,
Harrah's Hoosier Park,Retail,"1,863.18","1,863.18",07-01-2021,,Retail,,
Harrah's Hoosier Park,WC Downtown Indianapolis,"247,737.65","247,737.65",,,Retail,,
Harrah's Hoosier Park,WC New Haven,"90,429.63","90,429.63",,,Retail,,
Indiana Grand,Retail,"48,785.59","48,785.59",07-01-2021,,Retail,,
Indiana Grand,WC Clarksville,"250,989.82","250,989.82",,,Retail,,
,,,,,,,Jul-2021 Retail Total:,"2,582,249.25"
,,,,,,,Jul-2021 Online Total:,"14,642,787.12"
Ameristar Casino,AS - Sportsbook.DraftKings.com,,"4,407,439.53",08-01-2021,AS - Sportsbook.DraftKings.com,online,,
Ameristar Casino,AS - theScore.bet,,"-28,776.49",,AS - theScore.bet,online,,
Ameristar Casino,Retail,"251,385.45","251,385.45",,,Retail,,
Blue Chip Casino,BC - in.sportsbook.FanDuel.com,,"4,914,234.28",08-01-2021,BC - in.sportsbook.FanDuel.com,online,,
Blue Chip Casino,Retail,"78,497.25","78,497.25",,,Retail,,
Horseshoe Hammond,HH - in.CaesarsOnline.com,,0.00,08-01-2021,HH - in.CaesarsOnline.com,online,,
Horseshoe Hammond,HH - IN.Unibet.com,,"22,299.92",,HH - IN.Unibet.com,online,,
Horseshoe Hammond,Retail,"294,933.76","294,933.76",,,Retail,,
Belterra Casino,BT - BetWay.com,,"-5,080.97",08-01-2021,BT - BetWay.com,online,,
Belterra Casino,BT - Sports.IN.BetMGM.com,,"2,518,637.25",,BT - Sports.IN.BetMGM.com,online,,
Belterra Casino,Retail,"54,272.50","54,272.50",,,Retail,,
Caesars Southern Indiana,Retail,"161,750.45","161,750.45",08-01-2021,,Retail,,
French Lick Resort,FL - IN.betrivers.com,,"409,812.02",08-01-2021,FL - IN.betrivers.com,online,,
French Lick Resort,Retail,"29,553.21","29,553.21",,,Retail,,
Hollywood Lawrenceburg,HW - BarstoolSportbook.com,,"347,061.97",08-01-2021,HW - BarstoolSportbook.com,online,,
Hollywood Lawrenceburg,HW - IN.PointsBet.com,,"574,087.08",,HW - IN.PointsBet.com,online,,
Hollywood Lawrenceburg,Retail,"959,027.04","959,027.04",,,Retail,,
Rising Star Casino,Retail,"7,463.54","7,463.54",08-01-2021,,Retail,,
Rising Star Casino,RS - in.TwinSpires.com,,"37,866.06",,RS - in.TwinSpires.com,online,,
Rising Star Casino,RS - WynnBet.com,,"77,443.34",,RS - WynnBet.com,online,,
Tropicana Evansville,Retail,"48,020.91","48,020.91",08-01-2021,,Retail,,
Tropicana Evansville,TP - WilliamHill.com,,"977,285.93",,TP - WilliamHill.com,online,,
Harrah's Hoosier Park,Retail,"38,708.66","38,708.66",08-01-2021,,Retail,,
Harrah's Hoosier Park,WC Downtown Indianapolis,"181,419.81","181,419.81",,,Retail,,
Harrah's Hoosier Park,WC New Haven,"50,604.36","50,604.36",,,Retail,,
Indiana Grand,Retail,"105,322.78","105,322.78",08-01-2021,,Retail,,
Indiana Grand,WC Clarksville,"191,168.13","191,168.13",,,Retail,,
,,,,,,,Aug-2021 Retail Total:,"2,452,127.85"
,,,,,,,Aug-2021 Online Total:,"14,252,309.92"
Ameristar Casino,AS - Sportsbook.DraftKings.com,,"7,169,326.02",09-01-2021,AS - Sportsbook.DraftKings.com,online,,
Ameristar Casino,AS - theScore.bet,,"367,218.31",,AS - theScore.bet,online,,
Ameristar Casino,Retail,"769,956.24","769,956.24",,,Retail,,
Blue Chip Casino,BC - in.sportsbook.FanDuel.com,,"10,617,723.94",09-01-2021,BC - in.sportsbook.FanDuel.com,online,,
Blue Chip Casino,Retail,"105,563.43","105,563.43",,,Retail,,
Horseshoe Hammond,HH - in.CaesarsOnline.com,,0.00,09-01-2021,HH - in.CaesarsOnline.com,online,,
Horseshoe Hammond,HH - IN.Unibet.com,,"54,315.41",,HH - IN.Unibet.com,online,,
Horseshoe Hammond,Retail,"513,892.19","513,892.19",,,Retail,,
Belterra Casino,BT - BetWay.com,,"44,979.69",09-01-2021,BT - BetWay.com,online,,
Belterra Casino,BT - Sports.IN.BetMGM.com,,"4,542,811.23",,BT - Sports.IN.BetMGM.com,online,,
Belterra Casino,Retail,"161,375.59","161,375.59",,,Retail,,
Caesars Southern Indiana,Retail,"348,009.27","348,009.27",09-01-2021,,Retail,,
French Lick Resort,FL - IN.betrivers.com,,"597,565.81",09-01-2021,FL - IN.betrivers.com,online,,
French Lick Resort,Retail,"63,135.95","63,135.95",,,Retail,,
Hollywood Lawrenceburg,HW - BarstoolSportbook.com,,"1,542,711.32",09-01-2021,HW - BarstoolSportbook.com,online,,
Hollywood Lawrenceburg,HW - IN.PointsBet.com,,"1,121,847.64",,HW - IN.PointsBet.com,online,,
Hollywood Lawrenceburg,Retail,"2,283,847.68","2,283,847.68",,,Retail,,
Rising Star Casino,Retail,"29,791.26","29,791.26",09-01-2021,,Retail,,
Rising Star Casino,RS - in.TwinSpires.com,,"85,460.66",,RS - in.TwinSpires.com,online,,
Rising Star Casino,RS - WynnBet.com,,"313,478.18",,RS - WynnBet.com,online,,
Tropicana Evansville,Retail,"272,477.85","272,477.85",09-01-2021,,Retail,,
Harrah's Hoosier Park,Retail*,"218,261.30","218,261.30",09-01-2021,,Retail,,
Harrah's Hoosier Park,HP - WilliamHill.com*,,"719,109.50",,HP - WilliamHill.com*,online,,
Harrah's Hoosier Park,WC Downtown Indianapolis*,"290,598.66","290,598.66",,,Retail,,
Harrah's Hoosier Park,WC New Haven*,"184,528.79","184,528.79",,,Retail,,
Indiana Grand,Retail,"273,166.68","273,166.68",09-01-2021,,Retail,,
Indiana Grand,WC Clarksville,"615,953.21","615,953.21",,,Retail,,
,,,,,,,Sep-2021 Retail Total:,"6,130,558.10"
,,,,,,,Sep-2021 Online Total:,"27,176,547.71"
Ameristar Casino,AS - Sportsbook.DraftKings.com,,"7,813,463.27",10-01-2021,AS - Sportsbook.DraftKings.com,online,,
Ameristar Casino,AS - theScore.bet,,"622,446.82",,AS - theScore.bet,online,,
Ameristar Casino,Retail,"340,498.01","340,498.01",,,Retail,,
Blue Chip Casino,BC - in.sportsbook.FanDuel.com,,"9,234,778.73",10-01-2021,BC - in.sportsbook.FanDuel.com,online,,
Blue Chip Casino,Retail,"270,450.75","270,450.75",,,Retail,,
Horseshoe Hammond,HH - in.CaesarsOnline.com,,0.00,10-01-2021,HH - in.CaesarsOnline.com,online,,
Horseshoe Hammond,HH - IN.Unibet.com,,"-22,781.49",,HH - IN.Unibet.com,online,,
Horseshoe Hammond,Retail,"426,747.54","426,747.54",,,Retail,,
Bally's Evansville,Retail,"188,190.00","188,190.00",10-01-2021,,Retail,,
Belterra Casino,BT - BetWay.com,,"37,034.76",10-01-2021,BT - BetWay.com,online,,
Belterra Casino,BT - Sports.IN.BetMGM.com,,"3,470,384.55",,BT - Sports.IN.BetMGM.com,online,,
Belterra Casino,Retail,"117,851.18","117,851.18",,,Retail,,
Caesars Southern Indiana,Retail,"-52,245.28","-52,245.28",10-01-2021,,Retail,,
French Lick Resort,FL - IN.betrivers.com,,"767,393.34",10-01-2021,FL - IN.betrivers.com,online,,
French Lick Resort,Retail,"77,397.31","77,397.31",,,Retail,,
Hollywood Lawrenceburg,HW - BarstoolSportbook.com,,"689,882.87",10-01-2021,HW - BarstoolSportbook.com,online,,
Hollywood Lawrenceburg,HW - IN.PointsBet.com,,"819,701.99",,HW - IN.PointsBet.com,online,,
Hollywood Lawrenceburg,Retail,"972,752.34","972,752.34",,,Retail,,
Rising Star Casino,Retail,"49,586.05","49,586.05",10-01-2021,,Retail,,
Rising Star Casino,RS - in.TwinSpires.com,,"180,188.35",,RS - in.TwinSpires.com,online,,
Rising Star Casino,RS - WynnBet.com,,"278,764.11",,RS - WynnBet.com,online,,
Harrah's Hoosier Park,Retail*,"168,858.56","168,858.56",10-01-2021,,Retail,,
Harrah's Hoosier Park,HP - WilliamHill.com*,,"435,658.12",,HP - WilliamHill.com*,online,,
Harrah's Hoosier Park,WC Downtown Indianapolis*,"122,456.22","122,456.22",,,Retail,,
Harrah's Hoosier Park,WC New Haven*,"218,556.75","218,556.75",,,Retail,,
Indiana Grand,Retail,"162,495.14","162,495.14",10-01-2021,,Retail,,
Indiana Grand,WC Clarksville,"447,961.77","447,961.77",,,Retail,,
,,,,,,,Oct-2021 Retail Total:,"3,511,556.34"
,,,,,,,OCt-2021 Online Total:,"24,326,915.42"
Ameristar Casino,AS - Sportsbook.DraftKings.com,,"12,562,072.78",11-01-2021,AS - Sportsbook.DraftKings.com,online,,
Ameristar Casino,AS - theScore.bet,,"281,641.22",,AS - theScore.bet,online,,
Ameristar Casino,Retail,"746,344.59","746,344.59",,,Retail,,
Blue Chip Casino,BC - in.sportsbook.FanDuel.com,,"15,596,392.78",11-01-2021,BC - in.sportsbook.FanDuel.com,online,,
Blue Chip Casino,Retail,"139,160.75","139,160.75",,,Retail,,
Horseshoe Hammond,HH - in.CaesarsOnline.com,,0.00,11-01-2021,HH - in.CaesarsOnline.com,online,,
Horseshoe Hammond,HH - IN.Unibet.com,,"325,266.62",,HH - IN.Unibet.com,online,,
Horseshoe Hammond,Retail,"944,776.16","944,776.16",,,Retail,,
Bally's Evansville,Retail,"260,319.70","260,319.70",11-01-2021,,Retail,,
Belterra Casino,BT - BetWay.com,,"-32,990.32",11-01-2021,BT - BetWay.com,online,,
Belterra Casino,BT - Sports.IN.BetMGM.com,,"4,502,255.43",,BT - Sports.IN.BetMGM.com,online,,
Belterra Casino,Retail,"75,873.00","75,873.00",,,Retail,,
Caesars Southern Indiana,Retail,"611,900.25","611,900.25",11-01-2021,,Retail,,
French Lick Resort,FL - IN.betrivers.com,,"1,042,128.03",11-01-2021,FL - IN.betrivers.com,online,,
French Lick Resort,Retail,"42,012.19","42,012.19",,,Retail,,
Hollywood Lawrenceburg,HW - BarstoolSportbook.com,,"1,635,508.63",11-01-2021,HW - BarstoolSportbook.com,online,,
Hollywood Lawrenceburg,HW - IN.PointsBet.com,,"962,700.69",,HW - IN.PointsBet.com,online,,
Hollywood Lawrenceburg,Retail,"2,809,487.38","2,809,487.38",,,Retail,,
Rising Star Casino,Retail,"55,719.01","55,719.01",11-01-2021,,Retail,,
Rising Star Casino,RS - in.TwinSpires.com,,"197,329.99",,RS - in.TwinSpires.com,online,,
Rising Star Casino,RS - WynnBet.com,,"281,620.05",,RS - WynnBet.com,online,,
Harrah's Hoosier Park,Retail,"128,336.57","128,336.57",11-01-2021,,Retail,,
Harrah's Hoosier Park,HP - WilliamHill.com,,"2,969,932.74",,HP - WilliamHill.com,online,,
Harrah's Hoosier Park,WC Downtown Indianapolis,"350,768.52","350,768.52",,,Retail,,
Harrah's Hoosier Park,WC New Haven,"269,054.28","269,054.28",,,Retail,,
Indiana Grand,Retail,"261,686.78","261,686.78",11-01-2021,,Retail,,
Indiana Grand,WC Clarksville,"796,078.95","796,078.95",,,Retail,,
,,,,,,,Nov-2021 Retail Total:,"7,491,518.13"
,,,,,,,Nov-2021 Online Total:,"40,323,858.64"
Ameristar Casino,AS - Sportsbook.DraftKings.com,,"6,425,977.72",12-01-2021,AS - Sportsbook.DraftKings.com,online,,
Ameristar Casino,AS - theScore.bet,,"116,905.91",,AS - theScore.bet,online,,
Ameristar Casino,Retail,"269,312.30","269,312.30",,,Retail,,
Blue Chip Casino,BC - in.sportsbook.FanDuel.com,,"7,490,780.68",12-01-2021,BC - in.sportsbook.FanDuel.com,online,,
Blue Chip Casino,Retail,"120,480.25","120,480.25",,,Retail,,
Horseshoe Hammond,HH - in.CaesarsOnline.com,,0.00,12-01-2021,HH - in.CaesarsOnline.com,online,,
Horseshoe Hammond,HH - IN.Unibet.com,,"195,358.31",,HH - IN.Unibet.com,online,,
Horseshoe Hammond,Retail,"353,317.09","353,317.09",,,Retail,,
Bally's Evansville,BL - in.BallyBet.com,,"44,874.38",12-01-2021,BL - in.BallyBet.com,online,,
Bally's Evansville,Retail,"80,730.19","80,730.19",,,Retail,,
Belterra Casino,BT - BetWay.com,,"-132,166.01",12-01-2021,BT - BetWay.com,online,,
Belterra Casino,BT - Sports.IN.BetMGM.com,,"3,634,471.77",,BT - Sports.IN.BetMGM.com,online,,
Belterra Casino,Retail,"56,342.50","56,342.50",,,Retail,,
Caesars Southern Indiana,Retail,"167,118.14","167,118.14",12-01-2021,,Retail,,
French Lick Resort,FL - IN.betrivers.com,,"1,026,589.34",12-01-2021,FL - IN.betrivers.com,online,,
French Lick Resort,Retail,"50,942.08","50,942.08",,,Retail,,
Hollywood Lawrenceburg,HW - BarstoolSportbook.com,,"1,054,659.20",12-01-2021,HW - BarstoolSportbook.com,online,,
Hollywood Lawrenceburg,HW - IN.PointsBet.com,,"781,348.20",,HW - IN.PointsBet.com,online,,
Hollywood Lawrenceburg,Retail,"1,500,030.44","1,500,030.44",,,Retail,,
Rising Star Casino*,Retail,"35,297.39","35,297.39",12-01-2021,,Retail,,
Rising Star Casino*,RS - in.TwinSpires.com,,"151,163.64",,RS - in.TwinSpires.com,online,,
Rising Star Casino*,RS - WynnBet.com,,"166,739.19",,RS - WynnBet.com,online,,
Harrah's Hoosier Park,Retail,"14,111.30","14,111.30",12-01-2021,,Retail,,
Harrah's Hoosier Park,HP - WilliamHill.com,,"1,620,925.17",,HP - WilliamHill.com,online,,
Harrah's Hoosier Park,WC Downtown Indianapolis,"189,512.98","189,512.98",,,Retail,,
Harrah's Hoosier Park,WC New Haven,"53,830.31","53,830.31",,,Retail,,
Indiana Grand,Retail,"158,861.16","158,861.16",12-01-2021,,Retail,,
Indiana Grand,WC Clarksville,"379,619.80","379,619.80",,,Retail,,
,,,,,,,Dec-2021 Retail Total:,"3,429,505.93"
,,,,,,,Dec-2021 Online Total:,"22,577,627.50"